{
  "files": [
    {
      "filepath": "src/__bench__/document-processor.backend.bench.ts",
      "groups": [
        {
          "fullName": "src/__bench__/document-processor.backend.bench.ts > document-processor backend-style benchmarks",
          "benchmarks": [
            {
              "id": "697949595_0_0",
              "name": "counter-small-backend-style",
              "rank": 2,
              "rme": 2.7822102909856707,
              "samples": [],
              "totalTime": 513.1888329999997,
              "min": 44.43658299999993,
              "max": 50.668916999999965,
              "hz": 21.434605144652487,
              "period": 46.653530272727245,
              "mean": 46.653530272727245,
              "variance": 3.7334577613644795,
              "sd": 1.9322157647023999,
              "sem": 0.5825849732297723,
              "df": 10,
              "critical": 2.228,
              "moe": 1.2979993203559328,
              "p75": 48.27658399999996,
              "p99": 50.668916999999965,
              "p995": 50.668916999999965,
              "p999": 50.668916999999965,
              "sampleCount": 11,
              "median": 46.27233300000012
            },
            {
              "id": "697949595_0_1",
              "name": "subscription-listener-medium-backend-style",
              "rank": 1,
              "rme": 1.2133316500537241,
              "samples": [],
              "totalTime": 502.0864980000001,
              "min": 22.94320800000014,
              "max": 25.358167000000094,
              "hz": 41.825462512238275,
              "period": 23.90888085714286,
              "mean": 23.90888085714286,
              "variance": 0.4061329587884213,
              "sd": 0.637285617904893,
              "sem": 0.13906712301694654,
              "df": 20,
              "critical": 2.086,
              "moe": 0.2900940186133505,
              "p75": 24.286415999999917,
              "p99": 25.358167000000094,
              "p995": 25.358167000000094,
              "p999": 25.358167000000094,
              "sampleCount": 21,
              "median": 24.027457999999797
            },
            {
              "id": "697949595_0_2",
              "name": "quiz-bootstrap-worst-backend-style",
              "rank": 3,
              "rme": 1.4985766921613475,
              "samples": [],
              "totalTime": 1813.4570830000002,
              "min": 176.80337499999996,
              "max": 188.84737500000028,
              "hz": 5.514329560783986,
              "period": 181.3457083,
              "mean": 181.3457083,
              "variance": 14.434020248102927,
              "sd": 3.7992131090665247,
              "sem": 1.2014166741019923,
              "df": 9,
              "critical": 2.262,
              "moe": 2.7176045168187066,
              "p75": 184.2581250000003,
              "p99": 188.84737500000028,
              "p995": 188.84737500000028,
              "p999": 188.84737500000028,
              "sampleCount": 10,
              "median": 181.17154200000004
            }
          ]
        }
      ]
    },
    {
      "filepath": "src/__bench__/document-processor.bench.ts",
      "groups": [
        {
          "fullName": "src/__bench__/document-processor.bench.ts > document-processor benchmarks",
          "benchmarks": [
            {
              "id": "-1081438335_0_0",
              "name": "counter-small",
              "rank": 2,
              "rme": 7.90958434695758,
              "samples": [],
              "totalTime": 524.201542,
              "min": 42.87845799999991,
              "max": 62.404666000000134,
              "hz": 20.984295387669807,
              "period": 47.65468563636364,
              "mean": 47.65468563636364,
              "variance": 31.483343913258903,
              "sd": 5.611002041815606,
              "sem": 1.6917807700564005,
              "df": 10,
              "critical": 2.228,
              "moe": 3.7692875556856604,
              "p75": 49.38579200000004,
              "p99": 62.404666000000134,
              "p995": 62.404666000000134,
              "p999": 62.404666000000134,
              "sampleCount": 11,
              "median": 46.04429200000004
            },
            {
              "id": "-1081438335_0_1",
              "name": "subscription-listener-medium",
              "rank": 1,
              "rme": 2.137184594830626,
              "samples": [],
              "totalTime": 517.3837099999996,
              "min": 22.07162500000004,
              "max": 26.737666999999874,
              "hz": 42.52163254231567,
              "period": 23.517441363636348,
              "mean": 23.517441363636348,
              "variance": 1.2845772334345045,
              "sd": 1.1333919151972562,
              "sem": 0.2416399682317123,
              "df": 21,
              "critical": 2.08,
              "moe": 0.5026111339219616,
              "p75": 24.182000000000016,
              "p99": 26.737666999999874,
              "p995": 26.737666999999874,
              "p999": 26.737666999999874,
              "sampleCount": 22,
              "median": 23.41470849999996
            },
            {
              "id": "-1081438335_0_2",
              "name": "quiz-bootstrap-worst",
              "rank": 3,
              "rme": 8.417514387763257,
              "samples": [],
              "totalTime": 1805.6254990000011,
              "min": 169.9559590000008,
              "max": 240.14029100000016,
              "hz": 5.538246998360536,
              "period": 180.5625499000001,
              "mean": 180.5625499000001,
              "variance": 451.4793509310789,
              "sd": 21.24804346124788,
              "sem": 6.719221315979098,
              "df": 9,
              "critical": 2.262,
              "moe": 15.19887861674472,
              "p75": 177.554083,
              "p99": 240.14029100000016,
              "p995": 240.14029100000016,
              "p999": 240.14029100000016,
              "sampleCount": 10,
              "median": 173.42306250000024
            }
          ]
        }
      ]
    }
  ]
}