{
  "commit": "1b135b3",
  "config": {
    "warmupIterations": 2,
    "measuredIterations": 20,
    "inheritedPropertyCount": 120,
    "extraPropertyCount": 60
  },
  "metrics": {
    "blueIdAvgMs": 1.652036299999999,
    "blueIdP95Ms": 2.2199839999999966,
    "resolveAvgMs": 15.830127899999997,
    "resolveP95Ms": 17.963242999999977,
    "minimizeAvgMs": 0.32995070000000337,
    "minimizeP95Ms": 0.47289100000000417
  },
  "structure": {
    "resolvedProps": 180,
    "minimizedProps": 60,
    "reducedProps": 120
  },
  "invariants": {
    "hasMinimizeApi": false,
    "blueIdEqual": false
  }
}
